"Country/region","Installs"
"India",514
"United States",333
"China",64
"United Kingdom",55
"France",53
"Brazil",48
"Germany",40
"Australia",30
"Canada",28
"Japan",27
"Spain",25
"Bangladesh",24
"Egypt",20
"Korea",20
"Argentina",18
"Peru",18
"Sri Lanka",16
"Vietnam",16
"Indonesia",14
"Poland",13
"Pakistan",13
"Russia",13
"Mexico",12
"Italy",12
"Colombia",11
"Ukraine",10
"Belgium",10
"Netherlands",9
"Algeria",9
"Israel",9
"United Arab Emirates",9
"New Zealand",8
"Hong Kong SAR",8
"Switzerland",7
"Saudi Arabia",7
"Morocco",7
"Czech Republic",6
"Hungary",6
"Philippines",5
"Sweden",5
"South Africa",5
"Taiwan",5
"Malaysia",5
"Turkey",5
"Austria",5
"Uzbekistan",5
"Nigeria",5
"Uganda",4
"Singapore",4
"Nepal",4
"Jordan",4
"Portugal",3
"Greece",3
"Norway",3
"Chile",3
"Senegal",3
"Kenya",3
"Thailand",3
"Finland",2
"Denmark",2
"Belarus",2
"Rwanda",2
"Luxembourg",2
"Bahrain",2
"Iraq",2
"Romania",2
"Ecuador",1
"Cameroon",1
"Croatia",1
"Cayman Islands",1
"Zimbabwe",1
"Benin",1
"Botswana",1
"Slovenia",1
"Armenia",1
"Burkina Faso",1
"US Virgin Islands",1
"Kuwait",1
"Ireland",1
"Ghana",1
"Bolivia",1
"Iceland",1
"Honduras",1
"Guatemala",1
"Azerbaijan",1
"Latvia",1
"Togo",1
"El Salvador",1
"Venezuela",1
"Estonia",1
"Macedonia, FYRO",1
"Slovakia",1